Model,Validation Accuracy,Test Accuracy,Training Time (s)
SVM (RBF),0.7661691542288557,0.76,0.14856314659118652
RandomForest,0.7014925373134329,0.735,0.7846419811248779
LogisticRegression,0.7313432835820896,0.705,0.026369333267211914
XGBoost,0.6865671641791045,0.695,2.1306099891662598
